Date,World,EM,GlobalBond,ShortBond,SmallCap,InflLinked,Carmignac
2005-01-31,8.99,,,,,,
2005-02-28,9.11,,,,,,
2005-03-31,9.12,,,,,,
2005-04-30,8.98,,,,,,
2005-05-31,9.56,,,,,80.99,
2005-06-30,9.83,,,,,82.07,
2005-07-31,10.14,,,,,82.17,
2005-08-31,10.09,,,,,83.58,
2005-09-30,10.55,,,,,83.83,
2005-10-31,10.36,,,,,82.3,
2005-11-30,10.87,,,,,81.81,
2005-12-31,11.1,,,,,83.45,
2006-01-31,11.26,,,,,82.44,
2006-02-28,11.44,,,,,82.52,
2006-03-31,11.52,,,,,80.54,
2006-04-30,11.4,,,,,79.67,
2006-05-31,10.79,,,,,80.0,
2006-06-30,10.84,80.93,,,,80.28,
2006-07-31,10.93,81.9,,,,81.32,
2006-08-31,11.17,83.43,,,,82.64,
2006-09-30,11.42,85.77,,,,82.54,
2006-10-31,11.75,89.17,,,,82.67,
2006-11-30,11.58,92.18,,,,83.71,
2006-12-31,11.88,96.68,,,,81.8,
2007-01-31,12.19,97.01,,,,81.12,
2007-02-28,11.93,94.8,,,,82.09,
2007-03-31,12.05,97.94,,,,81.39,
2007-04-30,12.26,99.88,,,,81.34,
2007-05-31,12.78,106.41,,,,80.42,
2007-06-30,12.64,111.04,,,,79.69,
2007-07-31,12.19,115.23,,,,81.12,
2007-08-31,12.23,113.27,,,,81.76,
2007-09-30,12.28,120.66,,,,81.88,
2007-10-31,12.43,131.87,,,,83.11,
2007-11-30,11.75,120.57,,,,83.88,
2007-12-31,11.64,121.6,,,,83.33,
2008-01-31,10.61,104.97,,,,85.72,
2008-02-29,10.28,109.83,,,,86.59,
2008-03-31,9.75,99.46,,,,85.92,
2008-04-30,10.44,109.49,,,,85.28,
2008-05-31,10.62,111.53,,,,85.41,
2008-06-30,9.64,99.0,,,,85.42,
2008-07-31,9.5,96.27,,,,85.96,
2008-08-31,9.92,93.91,,,,86.78,
2008-09-30,9.16,80.76,,,,85.58,
2008-10-31,8.22,65.05,,,,80.56,
2008-11-30,7.68,60.06,,,,81.75,
2008-12-31,7.24,59.05,,,,85.61,
2009-01-31,7.16,59.91,,,,85.02,
2009-02-28,6.48,57.11,,,,83.72,
2009-03-31,6.67,62.64,,,,85.91,
2009-04-30,7.42,73.23,,,,87.75,
2009-05-31,7.58,80.21,,,,88.6,
2009-06-30,7.61,79.91,,,,89.02,
2009-07-31,8.17,87.95,,,,90.59,
2009-08-31,8.4,86.63,,,,91.77,
2009-09-30,8.57,92.61,,,,92.89,
2009-10-31,8.34,91.88,,,,91.88,
2009-11-30,8.52,94.21,,,,93.09,
2009-12-31,9.07,102.61,,,,92.32,
2010-01-31,8.98,99.76,,,,91.59,
2010-02-28,9.27,101.75,,,,92.0,
2010-03-31,9.92,110.89,,,,94.02,
2010-04-30,10.09,114.13,,,,93.12,
2010-05-31,9.84,112.77,,,,92.75,
2010-06-30,9.57,112.12,,,,91.1,
2010-07-31,9.72,114.17,,,,92.37,
2010-08-31,9.59,114.53,,,,94.38,
2010-09-30,9.75,118.52,,,,93.26,
2010-10-31,9.93,119.65,,,,93.56,
2010-11-30,10.37,124.57,,,,90.02,
2010-12-31,10.8,129.38,,,,90.58,
2011-01-31,10.8,123.11,,,,91.14,
2011-02-28,11.1,120.99,,,,91.69,
2011-03-31,10.69,124.73,,,,91.98,
2011-04-30,10.66,122.95,,,,92.79,
2011-05-31,10.77,123.39,,,,93.95,
2011-06-30,10.51,120.4,,,,93.56,
2011-07-31,10.41,120.95,,,,91.55,
2011-08-31,9.65,109.74,,,,91.37,
2011-09-30,9.46,100.41,,,,90.54,
2011-10-31,10.04,109.56,,,,88.14,
2011-11-30,10.14,105.87,,,,83.38,
2011-12-31,10.5,108.38,,,,88.67,
2012-01-31,10.94,119.68,,,,90.71,
2012-02-29,11.22,124.07,,,,95.62,
2012-03-31,11.41,120.29,,,,94.95,
2012-04-30,11.35,119.39,,,,93.82,
2012-05-31,11.1,113.38,,,,93.49,
2012-06-30,11.37,114.8,,,,93.1,
2012-07-31,11.86,120.57,,,,95.88,
2012-08-31,11.88,117.44,,,,97.9,
2012-09-30,11.95,121.9,,,,100.54,
2012-10-31,11.78,120.22,,,,101.22,
2012-11-30,11.89,121.32,,,,103.64,
2012-12-31,11.94,125.47,,,,104.75,
2013-01-31,12.18,123.64,,,,104.55,
2013-02-28,12.66,126.64,,,,103.59,
2013-03-31,13.19,126.52,,,,103.48,
2013-04-30,13.25,124.24,,,,106.51,
2013-05-31,13.48,123.09,,,,105.99,
2013-06-30,13.11,114.9,,,,102.28,
2013-07-31,13.5,113.57,,,,103.75,
2013-08-31,13.3,112.36,,,,103.03,
2013-09-30,13.6,116.53,,,,103.32,
2013-10-31,14.07,121.58,,,,104.81,
2013-11-30,14.29,119.57,,,,104.87,
2013-12-31,14.42,116.55,,,,104.51,
2014-01-31,14.18,111.22,,,,105.91,
2014-02-28,14.54,112.09,93.29,,135.73,106.82,
2014-03-31,14.59,115.73,93.39,100.0,135.36,107.56,
2014-04-30,14.65,115.36,94.04,100.24,132.26,108.9,
2014-05-31,15.18,121.31,94.93,100.62,135.88,110.58,
2014-06-30,15.4,124.17,95.3,100.75,140.71,111.68,
2014-07-31,15.5,129.45,95.53,100.73,138.12,112.55,
2014-08-31,16.09,134.39,96.69,101.04,144.56,114.17,
2014-09-30,16.32,129.67,96.39,101.05,142.24,113.84,
2014-10-31,16.56,132.31,97.04,101.32,145.98,113.02,
2014-11-30,16.97,131.55,97.95,101.56,147.33,114.33,
2014-12-31,17.2,129.26,98.43,101.43,152.57,113.83,
2015-01-31,18.1,139.37,100.42,102.05,160.61,116.91,
2015-02-28,19.28,144.51,99.81,101.93,171.51,119.47,
2015-03-31,19.81,148.77,100.39,102.12,179.43,121.24,
2015-04-30,19.43,153.5,99.77,102.09,173.52,120.31,
2015-05-31,19.93,150.52,99.2,102.1,179.89,117.4,
2015-06-30,19.15,144.22,97.94,101.88,175.37,115.0,
2015-07-31,19.66,135.21,98.96,102.13,176.01,117.36,
2015-08-31,18.1,121.52,98.54,102.02,164.29,114.6,
2015-09-30,17.49,118.28,99.14,102.24,157.82,115.19,
2015-10-31,19.07,127.98,99.45,102.3,168.55,117.94,
2015-11-30,19.84,128.6,99.46,102.27,178.26,119.38,
2015-12-31,18.95,122.26,99.01,102.02,168.89,116.54,
2016-01-31,17.88,114.77,100.38,102.57,156.4,117.23,
2016-02-29,17.67,113.98,101.25,102.77,156.79,116.13,
2016-03-31,17.99,123.02,102.01,103.01,162.02,117.74,
2016-04-30,18.18,123.03,102.04,103.01,164.99,117.37,
2016-05-31,18.81,121.76,102.38,103.0,171.82,118.66,
2016-06-30,18.64,126.93,104.29,103.65,168.81,120.16,
2016-07-31,19.29,132.38,104.88,103.64,176.92,121.6,
2016-08-31,19.38,136.11,104.73,103.47,177.91,121.56,
2016-09-30,19.3,136.65,104.58,103.51,178.91,122.08,
2016-10-31,19.4,140.36,103.3,103.21,176.62,119.64,
2016-11-30,20.33,138.26,101.24,102.5,190.11,118.12,
2016-12-31,20.93,139.32,101.36,102.52,195.65,120.79,
2017-01-31,20.92,143.37,100.88,102.48,195.28,118.69,
2017-02-28,21.86,150.26,101.67,102.68,202.81,119.25,
2017-03-31,21.95,153.0,101.46,102.59,202.95,117.41,
2017-04-30,21.88,153.5,102.02,102.76,203.31,118.59,
2017-05-31,21.63,153.04,102.47,102.87,198.09,118.97,
2017-06-30,21.41,152.3,102.05,102.57,198.31,118.77,
2017-07-31,21.2,156.07,102.24,102.72,196.11,119.71,
2017-08-31,21.05,158.22,102.96,102.89,194.29,120.66,
2017-09-30,21.64,158.41,102.28,102.56,203.11,120.09,
2017-10-31,22.39,166.61,102.76,102.67,209.17,122.07,
2017-11-30,22.33,163.06,102.75,102.44,208.78,123.38,
2017-12-31,22.46,167.72,102.55,102.14,210.37,122.31,
2018-01-31,22.79,174.05,101.82,101.8,209.76,121.96,
2018-02-28,22.31,170.5,101.35,101.65,205.84,122.37,
2018-03-31,21.64,165.67,101.74,101.68,203.97,124.03,
2018-04-30,22.28,167.06,101.27,101.32,209.78,123.87,
2018-05-31,23.21,166.8,101.32,101.35,222.91,121.07,
2018-06-30,23.19,159.66,101.3,101.3,221.93,122.78,
2018-07-31,23.85,163.81,101.12,101.16,224.1,122.38,
2018-08-31,24.28,160.2,101.18,101.2,230.4,121.04,
2018-09-30,24.45,158.82,100.57,100.94,227.45,121.03,
2018-10-31,23.22,149.12,100.11,100.87,209.98,119.93,
2018-11-30,23.51,155.59,100.34,100.87,211.43,119.84,
2018-12-31,21.5,149.78,101.3,101.3,189.86,120.4,103.51
2019-01-31,23.09,161.3,102.27,101.53,208.66,121.51,106.1
2019-02-28,23.95,164.01,102.13,101.57,218.16,120.44,107.75
2019-03-31,24.62,166.37,103.81,102.12,219.8,121.89,109.27
2019-04-30,25.52,171.34,103.62,102.11,227.05,122.49,111.22
2019-05-31,24.19,159.72,104.7,102.4,213.27,122.25,117.83
2019-06-30,25.23,166.02,105.91,102.8,220.8,125.3,121.22
2019-07-31,25.92,167.75,106.56,102.82,227.06,129.19,122.82
2019-08-31,25.67,161.28,108.87,103.4,221.65,131.34,123.34
2019-09-30,26.47,165.92,108.04,103.07,228.57,130.69,123.65
2019-10-31,26.53,168.93,107.59,102.98,229.33,129.98,123.98
2019-11-30,27.58,170.57,107.23,102.76,239.53,128.93,124.44
2019-12-31,27.91,180.06,106.64,102.65,243.38,128.75,125.17
2020-01-31,28.1,173.79,108.62,103.31,239.62,131.54,126.68
2020-02-29,25.94,166.19,109.71,103.65,219.52,130.1,126.1
2020-03-31,22.54,140.69,107.54,102.8,174.22,121.48,108.69
2020-04-30,25.05,153.82,109.16,103.51,197.94,122.53,115.08
2020-05-31,25.85,152.67,109.55,103.87,208.66,123.64,122.18
2020-06-30,26.28,162.38,110.23,104.22,211.97,126.64,125.39
2020-07-31,26.15,167.92,111.51,104.52,209.14,129.15,127.72
2020-08-31,27.59,169.55,110.51,104.49,218.52,128.77,129.89
2020-09-30,27.16,170.21,111.01,104.55,217.93,129.16,130.55
2020-10-31,26.5,174.83,110.91,104.59,219.45,130.59,130.76
2020-11-30,29.11,185.86,111.62,104.72,246.4,132.69,136.54
2020-12-31,29.66,194.88,111.76,104.74,258.54,133.52,138.18
2021-01-31,29.57,202.29,110.98,104.66,265.77,133.88,138.98
2021-02-28,30.36,203.88,109.03,104.28,279.38,132.09,139.95
2021-03-31,32.39,206.54,108.32,104.14,294.56,135.11,139.91
2021-04-30,33.1,207.48,108.51,104.2,298.68,134.0,140.61
2021-05-31,33.06,208.88,108.68,104.27,296.56,135.19,141.32
2021-06-30,34.59,215.76,109.24,104.12,306.36,135.58,142.08
2021-07-31,35.2,201.2,110.57,104.4,304.25,139.59,142.95
2021-08-31,36.24,207.19,110.24,104.29,312.96,139.21,142.8
2021-09-30,35.38,201.73,108.99,103.95,308.86,139.71,142.91
2021-10-31,37.44,204.83,108.57,103.3,320.44,139.68,142.09
2021-11-30,37.64,201.25,109.32,103.41,313.4,142.04,141.96
2021-12-31,38.85,203.68,108.6,103.12,321.58,142.13,142.27
2022-01-31,37.32,202.82,106.57,102.29,301.6,141.44,140.44
2022-02-28,36.3,194.96,104.94,101.62,301.68,141.08,134.63
2022-03-31,37.65,193.52,102.2,99.89,307.35,144.15,133.65
2022-04-30,36.41,192.71,98.78,98.85,298.83,142.55,131.31
2022-05-31,35.89,190.72,98.46,99.08,293.68,136.71,127.5
2022-06-30,33.59,182.54,96.56,98.04,270.86,132.3,121.25
2022-07-31,37.19,186.45,99.13,99.03,303.07,139.86,123.32
2022-08-31,36.11,189.55,95.86,97.34,297.27,133.95,125.34
2022-09-30,33.61,171.93,92.08,95.63,273.81,125.66,120.38
2022-10-31,35.71,164.87,91.44,95.44,293.27,129.73,118.78
2022-11-30,36.65,181.7,93.88,96.32,298.81,134.41,122.96
2022-12-31,33.86,172.88,92.24,95.81,278.29,127.45,123.76
2023-01-31,35.62,183.43,94.49,96.77,298.83,129.95,127.17
2023-02-28,35.6,175.71,92.45,95.67,299.75,129.77,126.69
2023-03-31,35.85,176.8,94.46,96.9,285.13,131.65,125.37
2023-04-30,35.88,171.97,94.75,97.17,280.5,131.74,127.14
2023-05-31,36.79,174.83,94.05,96.87,282.4,132.89,126.63
2023-06-30,38.12,177.21,93.7,96.24,293.27,132.56,127.34
2023-07-31,38.98,186.21,93.58,96.63,304.48,133.47,129.15
2023-08-31,38.65,177.47,93.19,96.81,297.43,132.99,129.27
2023-09-30,37.91,177.11,91.18,96.38,288.92,128.3,129.56
2023-10-31,36.87,170.55,90.35,96.55,271.62,128.42,129.12
2023-11-30,39.06,178.12,93.55,97.86,287.54,131.79,132.76
2023-12-31,40.47,182.46,96.56,99.3,311.35,135.56,136.85
2024-01-31,41.65,176.91,96.17,99.44,307.95,134.17,138.42
2024-02-29,43.6,185.9,95.15,98.8,319.26,133.51,139.01
2024-03-31,45.06,190.45,95.91,99.21,331.85,134.91,140.29
2024-04-30,43.83,193.64,94.01,98.57,318.33,134.0,141.03
2024-05-31,45.1,191.87,94.76,99.12,327.79,133.57,142.41
2024-06-30,46.61,201.85,95.4,99.64,325.63,132.52,143.48
2024-07-31,46.98,200.34,97.24,100.85,344.59,135.26,145.14
2024-08-31,47.13,198.35,98.15,101.54,338.46,134.77,145.82
2024-09-30,47.59,209.65,99.23,102.35,341.89,136.56,147.04
2024-10-31,47.95,207.35,97.49,101.55,341.9,135.39,146.74
2024-11-30,51.54,205.64,98.68,102.13,374.13,137.83,147.44
2024-12-31,51.2,209.45,97.36,101.97,358.72,135.74,148.08
2025-01-31,52.79,212.56,97.64,102.4,369.65,136.25,149.64
2025-02-28,52.38,213.71,98.9,102.96,357.27,136.66,152.42
2025-03-31,48.19,206.84,98.3,103.13,330.96,134.9,150.75
2025-04-30,46.19,198.86,99.04,104.04,316.66,136.28,150.91
2025-05-31,49.0,207.47,98.5,103.77,335.46,136.85,152.11
2025-06-30,49.43,212.71,99.24,104.19,339.68,137.71,153.5
2025-07-31,51.34,222.55,98.94,104.08,352.51,137.39,155.45
2025-08-31,51.5,220.79,99.33,104.63,362.58,136.15,155.86
2025-09-30,52.95,235.58,99.96,104.74,368.33,136.79,157.04
2025-10-31,54.97,249.57,100.53,105.03,375.61,138.33,157.65
2025-11-30,54.82,242.09,100.6,105.24,380.01,138.3,157.51
2025-12-31,54.6,246.36,100.13,105.23,378.95,137.13,157.95
2026-01-31,55.11,264.63,100.26,105.46,395.25,139.29,159.19
2026-02-28,55.93,281.16,101.63,106.04,413.81,140.79,160.21
2026-03-31,53.66,251.05,99.51,104.79,391.42,139.27,156.36
2026-04-30,57.76,282.39,99.5,105.02,419.46,140.85,158.2
2026-05-31,60.71,311.42,99.98,105.3,437.61,141.84,159.26
2026-06-30,61.51,312.87,100.23,105.41,454.06,141.75,159.77
2026-07-31,61.43,301.66,98.88,105.07,440.37,140.53,158.98
2026-08-31,62.4,308.9,98.82,105.09,448.81,140.09,158.63
